{"app":{},"tabs":{"byId":{"1":{"id":1,"name":"Example Menu","layout":{"lg":[{"w":2,"h":3,"x":0,"y":0,"i":"0","moved":false,"static":false},{"w":1,"h":3,"x":2,"y":0,"i":"1","moved":false,"static":false}]}}},"state":{"curTab":"1"}},"panels":{"byId":{"1":{"name":"About","colour":"#004dcf","textColour":"white","id":1,"tab":1,"widgets":[2]},"2":{"name":"Links","colour":"#008b02","textColour":"white","id":2,"tab":1,"widgets":[3,4,5,6]}},"state":{"edit":0}},"widgets":{"byId":{"2":{"name":"About","query":"/about","style":"Default","colour":"#004dcf","textColour":"white","log":false,"notify":false,"type":"Table","options":{"filter":"Unity,Product,Company,Version,IPAddress,Scene","type":"Include","fetchOnStartup":true},"id":2,"panel":1,"tab":1},"3":{"name":"Project on Github","query":"https://github.com/gwaredd/unium","style":"Default","colour":"#c1e1c5","textColour":"black","log":false,"notify":false,"type":"Link","options":{},"id":3,"panel":2,"tab":1},"4":{"name":"Open Tutorial","query":"/tutorial/index.html","style":"Default","colour":"#bed3f3","textColour":"black","log":false,"notify":false,"type":"Link","options":{},"id":4,"panel":2,"tab":1},"5":{"name":"Teleport Player","query":"/q/scene//Player.Transform.position={'x':0,'y':0,'z':0}","style":"Default","colour":"#db3e00","textColour":"white","log":true,"notify":true,"type":"Button","options":{},"id":5,"panel":2,"tab":1},"6":{"name":"Move Player","query":"/q/scene//Player.Player.MoveTo({'x':12,'y':1,'z':-28})","style":"Default","colour":"#db3e00","textColour":"white","log":true,"notify":true,"type":"Button","options":{},"id":6,"panel":2,"tab":1}}}}